{
	"credit": "Made with Blockbench",
	"textures": {
		"particle": "#ore"
	},
	"elements": [
		{
			"from": [0, 1, 1],
			"to": [16, 15, 15],
			"faces": {
				"north": {"uv": [0, 1, 16, 15], "texture": "#ore"},
				"east": {"uv": [1, 1, 15, 15], "texture": "#ore"},
				"south": {"uv": [0, 1, 16, 15], "texture": "#ore"},
				"west": {"uv": [1, 1, 15, 15], "texture": "#ore"},
				"up": {"uv": [0, 1, 16, 15], "texture": "#ore"},
				"down": {"uv": [0, 1, 16, 15], "texture": "#ore"}
			}
		},
		{
			"from": [1, 1, 0],
			"to": [15, 15, 16],
			"faces": {
				"north": {"uv": [1, 1, 15, 15], "texture": "#ore"},
				"east": {"uv": [0, 1, 16, 15], "texture": "#ore"},
				"south": {"uv": [1, 1, 15, 15], "texture": "#ore"},
				"west": {"uv": [0, 1, 16, 15], "texture": "#ore"},
				"up": {"uv": [1, 0, 15, 16], "texture": "#ore"},
				"down": {"uv": [1, 0, 15, 16], "texture": "#ore"}
			}
		},
		{
			"from": [1, 0, 1],
			"to": [15, 16, 15],
			"faces": {
				"north": {"uv": [1, 0, 15, 16], "texture": "#ore"},
				"east": {"uv": [1, 0, 15, 16], "texture": "#ore"},
				"south": {"uv": [1, 0, 15, 16], "texture": "#ore"},
				"west": {"uv": [1, 0, 15, 16], "texture": "#ore"},
				"up": {"uv": [1, 1, 15, 15], "texture": "#ore"},
				"down": {"uv": [1, 1, 15, 15], "texture": "#ore"}
			}
		},
		{
			"from": [0.001, 0.001, 0.001],
			"to": [15.999, 15.999, 15.999],
			"faces": {
				"north": {"uv": [0, 0, 16, 16], "texture": "#block"},
				"east": {"uv": [0, 0, 16, 16], "texture": "#block"},
				"south": {"uv": [0, 0, 16, 16], "texture": "#block"},
				"west": {"uv": [0, 0, 16, 16], "texture": "#block"},
				"up": {"uv": [0, 0, 16, 16], "texture": "#block"},
				"down": {"uv": [0, 0, 16, 16], "texture": "#block"}
			}
		}
	],
	"display": {
		"thirdperson_righthand": {
			"rotation": [75, 315, 0],
			"translation": [0, 2.5, 0],
			"scale": [0.375, 0.375, 0.375]
		},
		"firstperson_righthand": {
			"rotation": [0, 315, 0],
			"translation": [0, 2.5, 0],
			"scale": [0.4, 0.4, 0.4]
		},
		"ground": {
			"translation": [0, 3, 0],
			"scale": [0.25, 0.25, 0.25]
		},
		"gui": {
			"rotation": [30, 45, 0],
			"scale": [0.625, 0.625, 0.625]
		},
		"head": {
			"rotation": [0, 180, 0]
		},
		"fixed": {
			"rotation": [0, 180, 0]
		}
	},
	"groups": [
		{
			"name": "ore",
			"origin": [0, 0, 0],
			"color": 0,
			"children": [0, 1, 2]
		}, 3]
}